Hugo_Symbol,Driver_type,Driver,Passenger,Unclassified,Transcription_mut_sum,Translation_mut_sum,Protein_mut_sum,Total_Mutations
COL6A5,TSG,4,2,5,1,0,9,11
COL5A1,OCG,3,4,NA,0,0,5,7
ECE1,TSG,3,NA,NA,1,0,2,3
EFCAB6,OCG,3,NA,NA,0,0,2,3
SGSM1,TSG,3,NA,NA,0,0,3,3
XPOT,OCG,3,NA,NA,0,0,3,3
ZBTB8B,TSG,3,1,NA,0,0,4,4
ACOX2,OCG,2,NA,2,0,0,2,4
ARL15,TSG,2,NA,NA,1,1,1,2
CASQ1,TSG,2,NA,NA,0,0,1,2
CDH11,OCG,2,3,NA,1,1,4,5
CDHR4,OCG,2,1,NA,0,0,2,3
CHORDC1,OCG,2,1,NA,1,1,2,3
DENND5B,TSG,2,3,1,1,0,6,6
KMO,OCG,2,1,1,1,1,3,4
LARP4B,OCG,2,NA,1,1,0,2,3
NEDD4L,OCG,2,NA,NA,0,0,1,2
PJA2,OCG,2,NA,1,0,0,3,3
POLR2J,TSG,2,NA,1,2,2,1,3
RFX8,OCG,2,NA,1,0,0,1,3
RHOBTB2,OCG,2,2,NA,1,0,2,4
SEMA4A,OCG,2,2,1,0,0,4,5
SLC18A2,OCG,2,NA,NA,0,0,1,2
SLC5A4,TSG,2,NA,NA,0,0,1,2
SULF1,OCG,2,NA,NA,1,1,0,2
SYCP2L,OCG,2,2,1,1,0,5,5
TENM4,OCG,2,3,2,0,0,5,7
ACTR3B,OCG,1,NA,NA,0,0,1,1
ALDH3A2,OCG,1,NA,NA,0,0,1,1
ANKRD40,OCG,1,NA,NA,1,1,0,1
BTG3,OCG,1,NA,1,0,0,2,2
C1QTNF3,OCG,1,NA,NA,0,0,1,1
C4B,OCG,1,NA,NA,1,0,0,1
C7orf61,TSG,1,NA,NA,0,0,1,1
CELF4,OCG,1,1,1,1,1,1,3
CHN2,TSG,1,NA,NA,1,0,0,1
COA7,TSG,1,NA,NA,1,1,0,1
COL12A1,OCG,1,3,5,0,0,9,9
COL5A2,OCG,1,3,NA,0,0,3,4
DLX6,OCG,1,NA,NA,0,0,0,1
DYNLRB2,OCG,1,NA,NA,1,1,0,1
DYRK4,OCG,1,NA,NA,0,0,1,1
EFCAB12,OCG,1,NA,NA,0,0,0,1
ENPP1,OCG,1,NA,NA,0,0,1,1
EPHX3,OCG,1,NA,NA,0,0,1,1
ERVW-1,OCG,1,NA,NA,0,0,1,1
EYS,TSG,1,3,4,2,0,5,8
FBXL7,OCG,1,4,NA,2,2,1,5
FOXC1,OCG,1,NA,NA,0,0,1,1
GPATCH4,OCG,1,NA,NA,1,0,1,1
HOMER3,OCG,1,NA,NA,0,0,1,1
HORMAD1,OCG,1,NA,NA,0,0,1,1
HTR3A,OCG,1,NA,NA,1,1,0,1
IMPA2,TSG,1,1,NA,0,0,2,2
INPP4B,OCG,1,1,1,1,0,3,3
KLHDC7A,TSG,1,1,NA,1,1,1,2
LCT,OCG,1,5,NA,1,1,3,6
LFNG,OCG,1,NA,NA,0,0,1,1
MAPK4,OCG,1,2,1,1,1,3,4
MLF2,OCG,1,NA,NA,0,0,0,1
MPHOSPH10,OCG,1,NA,2,0,0,3,3
NCAM2,TSG,1,1,NA,0,0,1,2
NDC1,OCG,1,NA,NA,0,0,1,1
NR4A2,TSG,1,1,NA,1,0,2,2
NRXN2,TSG,1,3,2,0,0,6,6
NTNG2,OCG,1,NA,NA,0,0,1,1
NUDT5,OCG,1,NA,NA,1,0,0,1
OGDHL,OCG,1,4,1,0,0,5,6
ORC5,TSG,1,NA,1,1,1,0,2
PAPSS1,OCG,1,1,NA,2,2,0,2
PSME4,TSG,1,1,1,2,1,2,3
PXDN,OCG,1,4,NA,1,1,2,5
RANBP3L,TSG,1,1,NA,2,0,1,2
RGS20,OCG,1,2,NA,0,0,2,3
ROBO2,OCG,1,1,3,0,0,4,5
RORB,OCG,1,1,1,1,1,2,3
RUNX2,OCG,1,1,NA,1,0,1,2
SCGB2A1,OCG,1,NA,1,1,1,1,2
SLC22A16,OCG,1,NA,NA,0,0,1,1
SLC40A1,TSG,1,NA,NA,0,0,1,1
SLC46A1,TSG,1,NA,NA,0,0,0,1
SLC6A6,OCG,1,1,2,0,0,4,4
SMAP2,TSG,1,2,NA,3,1,1,3
SOX9,OCG,1,NA,1,2,2,0,2
SPAG17,OCG,1,3,3,1,0,7,7
STARD13,OCG,1,1,1,1,1,0,3
STK38L,OCG,1,NA,1,0,0,1,2
TCP11L2,TSG,1,1,NA,1,0,2,2
TFCP2L1,OCG,1,NA,NA,0,0,1,1
TGM1,TSG,1,3,NA,0,0,3,4
TIPRL,TSG,1,NA,1,1,1,0,2
TMC3,OCG,1,2,1,0,0,3,4
TMEM65,TSG,1,NA,NA,1,1,0,1
TPCN1,OCG,1,NA,1,2,1,1,2
TRAF2,TSG,1,NA,1,0,0,2,2
TUBB4A,OCG,1,NA,1,0,0,1,2
UMOD,OCG,1,NA,NA,0,0,1,1
WFS1,TSG,1,NA,NA,0,0,1,1
WWC2,OCG,1,NA,1,0,0,2,2
ZNF99,TSG,1,1,1,2,1,1,3
ZSWIM5,OCG,1,NA,NA,0,0,1,1
ABHD1,OCG,NA,NA,NA,0,0,0,0
ACBD6,OCG,NA,NA,NA,0,0,0,0
ACOT2,TSG,NA,NA,NA,0,0,0,0
ACSF2,OCG,NA,2,2,3,2,2,4
ADRA2C,TSG,NA,NA,NA,0,0,0,0
ADSS1,TSG,NA,NA,NA,0,0,0,0
AFAP1-AS1,OCG,NA,NA,NA,0,0,0,0
AFDN-DT,TSG,NA,NA,NA,0,0,0,0
AGR2,TSG,NA,NA,NA,0,0,0,0
AK7,TSG,NA,NA,NA,0,0,0,0
AMBP,OCG,NA,NA,1,0,0,1,1
ARL5B,OCG,NA,NA,NA,0,0,0,0
ARMH4,OCG,NA,NA,NA,0,0,0,0
ART3,TSG,NA,NA,NA,0,0,0,0
ASTN2,OCG,NA,NA,1,0,0,1,1
ATP5MF,TSG,NA,NA,NA,0,0,0,0
BDKRB2,TSG,NA,2,NA,1,0,1,2
BSN,OCG,NA,5,NA,1,1,3,5
C15orf41,OCG,NA,1,NA,1,0,0,1
C1orf21,TSG,NA,NA,NA,0,0,0,0
C5AR2,OCG,NA,1,1,1,1,0,2
CACNB4,OCG,NA,1,NA,1,0,0,1
CALR,TSG,NA,NA,NA,0,0,0,0
CAPN8,OCG,NA,NA,NA,0,0,0,0
CCDC184,OCG,NA,NA,NA,0,0,0,0
CCDC77,OCG,NA,NA,NA,0,0,0,0
CCKBR,OCG,NA,NA,NA,0,0,0,0
CCNJ,OCG,NA,NA,NA,0,0,0,0
CCT6A,OCG,NA,NA,NA,0,0,0,0
CDC123,OCG,NA,NA,NA,0,0,0,0
CELF5,OCG,NA,NA,NA,0,0,0,0
CEMIP2,OCG,NA,NA,NA,0,0,0,0
CERCAM,OCG,NA,NA,1,0,0,1,1
CES2,OCG,NA,NA,NA,0,0,0,0
CGAS,OCG,NA,NA,NA,0,0,0,0
CHST4,TSG,NA,NA,NA,0,0,0,0
CHSY3,OCG,NA,1,1,1,0,2,2
CLU,TSG,NA,NA,NA,0,0,0,0
CMSS1,OCG,NA,NA,NA,0,0,0,0
COL1A1,OCG,NA,1,1,0,0,2,2
COL1A2,OCG,NA,2,NA,0,0,1,2
COL3A1,OCG,NA,4,2,0,0,5,6
COL9A3,OCG,NA,1,NA,0,0,0,1
COMP,OCG,NA,NA,NA,0,0,0,0
COQ3,OCG,NA,NA,NA,0,0,0,0
CPSF4L,OCG,NA,NA,NA,0,0,0,0
CYB5D2,TSG,NA,NA,NA,0,0,0,0
CYP17A1,OCG,NA,NA,1,0,0,1,1
CYP2B7P,OCG,NA,NA,NA,0,0,0,0
DAB1,OCG,NA,2,2,2,1,3,4
DCBLD1,OCG,NA,NA,NA,0,0,0,0
DCLRE1C,OCG,NA,1,NA,1,0,0,1
DDC,OCG,NA,NA,NA,0,0,0,0
DEK,OCG,NA,NA,NA,0,0,0,0
DEPTOR,TSG,NA,NA,NA,0,0,0,0
DUOXA1,TSG,NA,NA,NA,0,0,0,0
DUSP12,OCG,NA,NA,NA,0,0,0,0
DUSP9,TSG,NA,NA,NA,0,0,0,0
EFCC1,OCG,NA,NA,NA,0,0,0,0
ELAPOR2,OCG,NA,NA,NA,0,0,0,0
ELOVL4,OCG,NA,NA,NA,0,0,0,0
EPHB3,OCG,NA,5,2,1,0,7,7
ERO1B,OCG,NA,NA,NA,0,0,0,0
EWSAT1,OCG,NA,NA,NA,0,0,0,0
FAM117A,OCG,NA,NA,NA,0,0,0,0
FAM131B,TSG,NA,1,NA,0,0,1,1
FAM136A,OCG,NA,NA,NA,0,0,0,0
FAM189B,OCG,NA,NA,NA,0,0,0,0
FAM241A,OCG,NA,NA,NA,0,0,0,0
FAM81B,OCG,NA,NA,1,0,0,1,1
FANCG,OCG,NA,2,NA,0,0,1,2
FBXL17,OCG,NA,NA,NA,0,0,0,0
FERMT1,OCG,NA,NA,NA,0,0,0,0
FGF18,OCG,NA,NA,NA,0,0,0,0
FOXA1,TSG,NA,2,NA,0,0,1,2
FOXI3,OCG,NA,NA,NA,0,0,0,0
FOXP1,TSG,NA,NA,NA,0,0,0,0
FSIP2,OCG,NA,1,1,0,0,2,2
FYB2,TSG,NA,NA,NA,0,0,0,0
GALK1,OCG,NA,NA,1,1,1,0,1
GATA2,TSG,NA,1,NA,1,1,0,1
GATA3,OCG,NA,NA,NA,0,0,0,0
GFRA3,TSG,NA,1,NA,0,0,0,1
GNG5,OCG,NA,NA,NA,0,0,0,0
GPN1,TSG,NA,NA,NA,0,0,0,0
GPR141,TSG,NA,1,3,1,0,4,4
GPR3,TSG,NA,NA,2,0,0,2,2
GPR4,TSG,NA,1,NA,0,0,0,1
GPR63,OCG,NA,NA,4,3,3,1,4
GPR84,OCG,NA,1,NA,0,0,1,1
GPRC5C,OCG,NA,1,NA,0,0,0,1
GS1-594A7.3,OCG,NA,NA,NA,0,0,0,0
HABP2,TSG,NA,NA,NA,0,0,0,0
HRK,OCG,NA,NA,NA,0,0,0,0
HSD11B1L,TSG,NA,NA,NA,0,0,0,0
HSP90B1,OCG,NA,NA,NA,0,0,0,0
HSPA5,OCG,NA,NA,NA,0,0,0,0
IL1R2,OCG,NA,NA,NA,0,0,0,0
IL9R,OCG,NA,NA,NA,0,0,0,0
INTS13,OCG,NA,NA,NA,0,0,0,0
IRF6,OCG,NA,NA,NA,0,0,0,0
ISCU,OCG,NA,NA,NA,0,0,0,0
KCNG1,TSG,NA,2,1,1,1,0,3
KCNJ11,OCG,NA,1,NA,0,0,0,1
KCTD16,OCG,NA,NA,NA,0,0,0,0
KHDC4,OCG,NA,NA,NA,0,0,0,0
KIF3C,OCG,NA,NA,NA,0,0,0,0
KLC3,OCG,NA,2,NA,0,0,2,2
KLK4,OCG,NA,1,1,2,0,1,2
KRT9,TSG,NA,2,NA,1,0,1,2
LDLRAD4-AS1,TSG,NA,NA,NA,0,0,0,0
LILRA2,OCG,NA,3,NA,1,1,1,3
LINC00896,TSG,NA,NA,NA,0,0,0,0
LINC00964,OCG,NA,NA,NA,0,0,0,0
LMCD1,OCG,NA,1,1,0,0,2,2
LMO7-AS1,OCG,NA,NA,NA,0,0,0,0
LPAR4,OCG,NA,NA,2,1,1,1,2
LRFN4,OCG,NA,NA,NA,0,0,0,0
LRRC15,OCG,NA,2,NA,0,0,2,2
LRRC4C,OCG,NA,2,NA,0,0,2,2
LRRC8B,OCG,NA,NA,NA,0,0,0,0
MAG,OCG,NA,1,NA,0,0,1,1
MAGEB4,OCG,NA,NA,2,0,0,2,2
MAGOH,TSG,NA,NA,NA,0,0,0,0
MALRD1,OCG,NA,NA,NA,0,0,0,0
MCM7,OCG,NA,1,1,1,0,2,2
MEAK7,OCG,NA,NA,NA,0,0,0,0
MIR503HG,OCG,NA,NA,NA,0,0,0,0
MOCOS,OCG,NA,2,NA,0,0,1,2
MORC2,OCG,NA,1,1,0,0,2,2
MRPL51,OCG,NA,1,NA,1,1,0,1
MRPL9,OCG,NA,1,NA,0,0,1,1
MSH6,OCG,NA,2,NA,0,0,2,2
MT1H,OCG,NA,NA,NA,0,0,0,0
MTCH2,TSG,NA,NA,NA,0,0,0,0
MTUS1,OCG,NA,NA,1,0,0,1,1
MUTYH,OCG,NA,NA,NA,0,0,0,0
MYLIP,OCG,NA,NA,NA,0,0,0,0
MYLPF,TSG,NA,NA,1,0,0,1,1
MYO5C,TSG,NA,NA,NA,0,0,0,0
NDUFA9,TSG,NA,1,NA,0,0,0,1
NFIC,OCG,NA,NA,1,1,0,1,1
NFYA,TSG,NA,NA,NA,0,0,0,0
NHLRC4,OCG,NA,NA,NA,0,0,0,0
NKRF,OCG,NA,NA,NA,0,0,0,0
NKX2-1,OCG,NA,NA,NA,0,0,0,0
NOP2,OCG,NA,1,NA,0,0,1,1
NOP58,OCG,NA,NA,NA,0,0,0,0
NR1I3,OCG,NA,NA,1,0,0,1,1
NTM,OCG,NA,NA,NA,0,0,0,0
NXT1,TSG,NA,NA,NA,0,0,0,0
PABPC5,OCG,NA,NA,NA,0,0,0,0
PART1,OCG,NA,NA,NA,0,0,0,0
PAX2,OCG,NA,NA,1,0,0,1,1
PCAT18,OCG,NA,NA,NA,0,0,0,0
PCSK1N,OCG,NA,NA,NA,0,0,0,0
PCYOX1,OCG,NA,1,NA,1,0,1,1
PDCD10,OCG,NA,NA,NA,0,0,0,0
PDCD5,OCG,NA,NA,NA,0,0,0,0
PEX11A,OCG,NA,NA,NA,0,0,0,0
PGAM1P5,OCG,NA,NA,NA,0,0,0,0
PHF6,TSG,NA,NA,NA,0,0,0,0
PIGC,OCG,NA,NA,NA,0,0,0,0
PNMA3,OCG,NA,NA,1,0,0,1,1
POLR3G,OCG,NA,NA,NA,0,0,0,0
POSTN,OCG,NA,2,NA,0,0,2,2
POTEI,OCG,NA,NA,NA,0,0,0,0
POU5F1,OCG,NA,1,NA,0,0,1,1
PPAN,TSG,NA,NA,NA,0,0,0,0
PPM1G,OCG,NA,NA,NA,0,0,0,0
PRSS33,TSG,NA,1,NA,1,0,0,1
PSAPL1,TSG,NA,1,NA,0,0,0,1
PSAT1,OCG,NA,NA,NA,0,0,0,0
PSMB2,OCG,NA,NA,NA,0,0,0,0
PSMB4,OCG,NA,2,1,3,0,0,3
PSMG3-AS1,OCG,NA,NA,NA,0,0,0,0
PTCD1,OCG,NA,1,2,1,1,1,3
PURPL,OCG,NA,NA,NA,0,0,0,0
PUS1,OCG,NA,NA,NA,0,0,0,0
PWWP3B,OCG,NA,NA,NA,0,0,0,0
QSOX2,OCG,NA,NA,1,0,0,1,1
RAN,OCG,NA,NA,NA,0,0,0,0
RANBP1,TSG,NA,NA,NA,0,0,0,0
RASD2,OCG,NA,NA,NA,0,0,0,0
RBIS,OCG,NA,NA,NA,0,0,0,0
RCN2,TSG,NA,NA,NA,0,0,0,0
RDH10-AS1,OCG,NA,NA,NA,0,0,0,0
REEP6,OCG,NA,NA,NA,0,0,0,0
RFPL3S,OCG,NA,NA,NA,0,0,0,0
RGS10,TSG,NA,NA,NA,0,0,0,0
RGS11,OCG,NA,1,1,0,0,1,2
RNF182,TSG,NA,2,1,2,2,1,3
ROPN1B,OCG,NA,NA,1,1,0,1,1
RPL22L1,OCG,NA,NA,NA,0,0,0,0
RSPO4,OCG,NA,NA,NA,0,0,0,0
SCD,OCG,NA,NA,NA,0,0,0,0
SCN1B,TSG,NA,NA,NA,0,0,0,0
SCRG1,OCG,NA,NA,NA,0,0,0,0
SEC23A,OCG,NA,NA,NA,0,0,0,0
SEMA3F-AS1,OCG,NA,NA,NA,0,0,0,0
SF3B6,OCG,NA,NA,1,0,0,1,1
SFT2D2,TSG,NA,NA,NA,0,0,0,0
SHC4,OCG,NA,NA,NA,0,0,0,0
SIGLEC15,OCG,NA,1,NA,1,0,1,1
SINHCAF,OCG,NA,NA,NA,0,0,0,0
SLC22A17,OCG,NA,1,NA,0,0,0,1
SLC26A9,OCG,NA,1,NA,0,0,1,1
SLC28A1,OCG,NA,3,1,2,1,3,4
SLC31A2,OCG,NA,NA,NA,0,0,0,0
SLC39A12,TSG,NA,3,NA,0,0,3,3
SLC49A3,OCG,NA,NA,NA,0,0,0,0
SMAGP,TSG,NA,NA,NA,0,0,0,0
SMPX,OCG,NA,NA,NA,0,0,0,0
SNHG1,OCG,NA,NA,NA,0,0,0,0
SNHG15,OCG,NA,NA,NA,0,0,0,0
SNHG21,OCG,NA,NA,NA,0,0,0,0
SNRPC,TSG,NA,NA,1,0,0,1,1
SOWAHA,OCG,NA,NA,NA,0,0,0,0
SPESP1,TSG,NA,NA,NA,0,0,0,0
SRD5A1,OCG,NA,NA,NA,0,0,0,0
SRPRB,OCG,NA,NA,NA,0,0,0,0
SRRM3,OCG,NA,NA,NA,0,0,0,0
SSR2,OCG,NA,NA,1,1,0,0,1
STMP1,OCG,NA,NA,NA,0,0,0,0
SULT1A1,OCG,NA,NA,NA,0,0,0,0
SYNDIG1,OCG,NA,1,NA,0,0,1,1
SYTL4,OCG,NA,NA,3,2,1,2,3
TAFA3,OCG,NA,NA,NA,0,0,0,0
TAGLN2,OCG,NA,1,NA,0,0,1,1
TBC1D9,TSG,NA,NA,1,1,1,0,1
TBCB,TSG,NA,NA,NA,0,0,0,0
TFAP4,OCG,NA,NA,1,0,0,1,1
TGFA,OCG,NA,1,NA,1,0,0,1
TGM5,OCG,NA,1,NA,0,0,1,1
THBS1,OCG,NA,NA,1,0,0,0,1
THPO,OCG,NA,1,NA,0,0,1,1
TMEM232,OCG,NA,NA,NA,0,0,0,0
TMEM45A,TSG,NA,NA,NA,0,0,0,0
TMEM86A,TSG,NA,NA,NA,0,0,0,0
TMIGD3,OCG,NA,NA,NA,0,0,0,0
TOMM34,TSG,NA,NA,NA,0,0,0,0
TOMM5,OCG,NA,1,NA,1,1,0,1
TREM1,OCG,NA,NA,NA,0,0,0,0
TRMU,TSG,NA,NA,NA,0,0,0,0
TSPYL5,OCG,NA,1,NA,0,0,0,1
TTC36,OCG,NA,NA,NA,0,0,0,0
UBE3D,OCG,NA,1,NA,0,0,0,1
UCHL5,OCG,NA,NA,2,0,0,1,2
UQCRH,TSG,NA,NA,NA,0,0,0,0
URB2,OCG,NA,3,NA,0,0,2,3
USH1C,OCG,NA,NA,2,2,1,1,2
VRTN,OCG,NA,1,1,0,0,2,2
WFDC1,TSG,NA,NA,NA,0,0,0,0
WNT6,OCG,NA,NA,NA,0,0,0,0
XAGE2,OCG,NA,NA,1,0,0,1,1
ZBED6,OCG,NA,NA,NA,0,0,0,0
ZNF280B,OCG,NA,1,NA,0,0,1,1
ZNF286A,OCG,NA,NA,1,0,0,1,1
ZNF286B,OCG,NA,NA,NA,0,0,0,0
ZNF442,OCG,NA,1,NA,0,0,1,1
ZNF571-AS1,OCG,NA,NA,NA,0,0,0,0
ZNF670,OCG,NA,1,1,1,1,1,2
ZNF671,OCG,NA,NA,NA,0,0,0,0
ZNF703,OCG,NA,1,1,0,0,2,2
ZNF804A,TSG,NA,3,2,1,1,1,5
